,0image,0image,1image,1image,10image,10image,11image,11image,13image,13image,14image,14image,15image,15image,16image,16image,18image,18image,19image,19image,2image,2image,20image,20image,21image,21image,22image,22image,23image,23image,24image,24image,25image,25image,26image,26image,27image,27image,28image,28image,29image,29image,3image,3image,31image,31image,32image,32image,33image,33image,34image,34image,35image,35image,36image,36image,37image,37image,38image,38image,39image,39image,4image,4image,40image,40image,41image,41image,42image,42image,44image,44image,45image,45image,46image,46image,47image,47image,48image,48image,49image,49image,5image,5image,50image,50image,51image,51image,53image,53image,54image,54image,55image,55image,56image,56image,57image,57image,58image,58image,59image,59image,6image,6image,60image,60image,61image,61image,62image,62image,63image,63image,65image,65image,66image,66image,68image,68image,7image,7image,70image,70image,71image,71image,72image,72image,73image,73image,74image,74image,78image,78image,79image,79image,8image,8image,80image,80image,81image,81image,82image,82image,83image,83image,85image,85image,87image,87image,88image,88image,89image,89image,9image,9image,90image,90image,91image,91image,92image,92image,94image,94image,95image,95image,96image,96image,98image,98image
,verified,distance,verified,distance,verified,distance,verified,distance,verified,distance,verified,distance,verified,distance,verified,distance,verified,distance,verified,distance,verified,distance,verified,distance,verified,distance,verified,distance,verified,distance,verified,distance,verified,distance,verified,distance,verified,distance,verified,distance,verified,distance,verified,distance,verified,distance,verified,distance,verified,distance,verified,distance,verified,distance,verified,distance,verified,distance,verified,distance,verified,distance,verified,distance,verified,distance,verified,distance,verified,distance,verified,distance,verified,distance,verified,distance,verified,distance,verified,distance,verified,distance,verified,distance,verified,distance,verified,distance,verified,distance,verified,distance,verified,distance,verified,distance,verified,distance,verified,distance,verified,distance,verified,distance,verified,distance,verified,distance,verified,distance,verified,distance,verified,distance,verified,distance,verified,distance,verified,distance,verified,distance,verified,distance,verified,distance,verified,distance,verified,distance,verified,distance,verified,distance,verified,distance,verified,distance,verified,distance,verified,distance,verified,distance,verified,distance,verified,distance,verified,distance,verified,distance,verified,distance,verified,distance,verified,distance,verified,distance,verified,distance,verified,distance,verified,distance,verified,distance
0,True,0.2277865203400209,False,0.7119107629258499,False,0.632663143292406,False,0.7950939903204002,False,0.742671995416122,False,0.6397102293770958,False,0.8144732196030895,False,0.8058714887954701,False,0.4669598357236463,False,0.5726908817274268,False,0.6391776618851612,False,0.599301239993802,False,0.49128656748484767,False,0.7392163292845159,False,0.710285285428029,False,0.6580109087859027,False,0.8274024384041863,False,0.5901953200047848,False,0.6281012043217737,False,0.622641740612019,False,0.4091534060375598,False,0.7540212603582794,False,0.48703381301842363,False,0.452080442874493,False,0.8588498571006229,False,0.5039669213818039,False,0.5194777460287097,False,0.6466178227471737,False,0.603148808758736,False,0.6446870453353772,False,0.7089474804261885,False,0.5162667842675298,False,0.6124432516867668,False,0.7090576998256768,True,0.3591281271914061,False,0.7548164082394055,True,0.3843844273333,False,0.5754973462616084,False,0.7496239531905117,False,0.6497148955624596,False,0.7299035402561247,False,0.5587134831777913,False,0.4641724316691802,False,0.4682179554479786,False,0.5667948236075318,False,0.5034666095598852,False,0.6563319393140039,False,0.48228194048394446,False,0.7504621031668128,False,0.7446431318352494,False,0.6114733001172838,False,0.6315270319038312,False,0.4673888160779135,False,0.5241207055704229,False,0.7697943287828459,False,0.5208371047712372,False,0.6687397547904583,False,0.7792855983061033,False,0.6168469344188923,False,0.4921745793082345,False,0.5624292848868733,False,0.615207158881852,False,0.802654495157359,False,0.6983019622166033,False,0.5891557962111156,True,0.3660419691644098,False,0.5600883119812332,False,0.7318539903218813,False,0.7490179861453897,False,0.5685793491781834,False,0.5823321556362386,False,0.4833249038097506,False,0.6437506250614522,False,0.7941674436217557,True,0.324355182215861,False,0.5776604680512476,False,0.5930126983327879,False,0.7715213733923896,True,0.3430835165145618,False,0.7217148825593711,False,0.8995867980164837,False,0.6815088631947863,False,0.8013562172680455,False,0.44999369612185214
1,False,0.7001451049247949,False,0.7330645361598698,False,0.49759950657724517,False,0.8544563687573496,False,0.7927499988304704,False,0.620917826042175,False,0.46990497939162423,False,0.656112787245666,False,0.644052567051809,False,0.5922581654949141,False,0.6487226306170801,False,0.6737926848386503,False,0.47444141551772734,False,0.7491064770402045,False,0.6019918101798987,False,0.7400086184842172,False,0.7558600340241957,False,0.5384133987691508,False,0.5857576796097904,False,0.6437253541471587,False,0.40761536944070265,False,0.8066113678081855,False,0.48746905133463747,False,0.4328132444838454,False,0.7987800830500098,False,0.5636979614711793,False,0.6706823619994349,False,0.6909566968033425,False,0.619776154721863,True,0.37170575524038196,False,0.6384918899420209,True,0.37205481880717994,False,0.5865155342537938,False,0.6933083777053703,True,0.3819641901226193,False,0.6365496472605603,True,0.3776331040456905,False,0.5711136565231398,False,0.6914147974376899,False,0.6241766279582743,False,0.6827820976964549,False,0.582118909381195,False,0.6955741730952685,False,0.41977057683170205,False,0.5883170275697942,False,0.5618166348488086,False,0.6431807573583677,False,0.444218620400461,False,0.7044276903122972,False,0.7382279668017679,False,0.6877688910767736,False,0.6868461651944078,False,0.46173588296670043,False,0.5514468441041557,False,0.7895516076017326,False,0.5141800717793354,False,0.79947981503026,False,0.8117986183023286,False,0.6210438449684974,False,0.48422668982482164,False,0.7137250031536175,False,0.6603894655327491,False,0.7729564109542248,False,0.7697010998528735,False,0.5810649033266487,True,0.37691688951799074,False,0.5812794375596438,False,0.706817890698545,True,0.15975869734516723,False,0.5270052654185913,False,0.5540743128968302,False,0.5842900092157413,False,0.6125162678068055,False,0.787878804537022,True,0.3148102979506924,False,0.5370046807768178,False,0.5581785775640744,False,0.7352568102517619,False,0.43469876749967906,False,0.7306658409843697,False,0.902069878921315,False,0.684885251138757,False,0.5054420877225886,False,0.5406558156583647
2,True,0.15744250188128972,False,0.741089344035002,False,0.5035180357801814,False,0.712176070515472,False,0.7613766854638948,False,0.737646754947314,False,0.4414509135244902,False,0.62589779977697,False,0.7271743567373594,False,0.6178420663735555,False,0.5981866437513057,False,0.6876123590251912,False,0.549947568410569,False,0.7151412320733681,False,0.7258181191121083,False,0.7406590197603958,False,0.7355159333814754,False,0.4957362292449048,False,0.6395830892879728,False,0.750077697746098,True,0.3848074066378362,False,0.8184112503064448,False,0.5251927938533612,True,0.380243835084514,False,0.817171729461355,False,0.46414393687179545,False,0.6296666273947981,False,0.6545979049124756,False,0.6269613114373118,True,0.33512043965003746,False,0.7144865986522378,False,0.41595146789816695,False,0.5301344681634158,False,0.7043161329532553,False,0.40284379519988134,False,0.6207124375316463,False,0.7907389066581971,False,0.7499947057660974,False,0.6781085325637124,False,0.650710076529045,False,0.6588855620673029,False,0.5177573650064471,False,0.45238763295673023,True,0.3396682514355932,False,0.44959170556094186,False,0.517081806042929,False,0.599460987885618,False,0.4811031675504248,False,0.7621085178781404,False,0.7821879123142611,False,0.5944387710931225,False,0.6535321373692,False,0.5491256251937031,False,0.6963881821460103,False,0.7601609204623387,False,0.43996527845030775,False,0.8262879624419431,False,0.6848193385773678,False,0.631780214810544,False,0.49721970672683424,True,0.13475674678064697,False,0.40156072979402535,False,0.7755433808805812,False,0.7683359136890955,False,0.6804477959191741,True,0.338058868720039,False,0.5570657421835099,False,0.7183764661711313,True,0.153081730246044,False,0.5541745449270172,False,0.48771716361820583,False,0.6758548157098764,False,0.4667891833724983,False,0.7449593977600797,False,0.7303975930219597,False,0.5229594037650138,False,0.6470086314740429,False,0.7491202106337618,False,0.6048063968099846,False,0.7964323830632397,False,0.9199495322085609,False,0.715237764012013,False,0.7107881739023507,False,0.641897120957349
3,False,0.7683883467419086,False,0.7005224825799217,False,0.5307702346610403,False,0.6586667767910026,False,0.795655872530805,False,0.6467401359417988,False,0.465687486925777,False,0.6268784436399497,False,0.7508372352091146,False,0.6243559272082058,False,0.6376534767820041,False,0.7693989534175669,False,0.5272172691581328,False,0.7385794788308913,False,0.5806805459841122,False,0.7480929963653684,False,0.7470208849031684,False,0.4995929333160495,False,0.7351302116800513,False,0.5654814123386909,True,0.3772951321613689,False,0.782560620451846,False,0.4801193240150259,False,0.47633591625623195,False,0.7319944854068492,False,0.4552964810161443,False,0.6467786208425154,False,0.6315684799411558,False,0.7136748255428336,False,0.6106163982847146,False,0.715988546132468,True,0.19516526236402054,False,0.5228903873207695,False,0.7037366908861442,False,0.4247526601904046,False,0.6186657023930417,False,0.7882092383465205,False,0.5302324442271262,False,0.6499625464999366,False,0.6771238752584241,False,0.5979734691808554,False,0.527636276180327,False,0.4379233781073908,True,0.35364261761543125,False,0.4887452625543556,False,0.501607223369809,False,0.46333853929282753,False,0.49192709379300736,False,0.6755093852309808,False,0.7829046088178506,False,0.6685759712239006,False,0.49882587230147435,False,0.5939049181292195,False,0.6144490504666928,False,0.6994031032175718,True,0.37390516565740806,False,0.8321883595145095,False,0.6559739121872308,False,0.5330388460733887,False,0.4774573535876595,False,0.495764997484034,False,0.6705866973672223,False,0.7756727727662143,False,0.7387415917277194,False,0.615114367592222,True,0.3352700982536372,False,0.5276023233369114,False,0.6516129890823825,True,0.14664638146144449,False,0.5491105122750902,False,0.4921756103315106,False,0.6715883814150446,True,0.38429686368025395,False,0.5731621931359863,False,0.45370634569362533,False,0.5501809525780605,False,0.6450122341787555,False,0.7460327784528468,False,0.40727672614532173,False,0.52852779202614,False,0.912228387543108,False,0.7376152468019896,False,0.7074334487183468,False,0.6225263937443499
4,True,0.12413551011156254,False,0.5919561330308345,True,0.3968116443264381,False,0.8414820584703344,False,0.6715327331885803,False,0.5318338958864948,False,0.41255672604007243,False,0.800469957511652,True,0.36256134733494094,False,0.6529190545029712,False,0.47175335690334197,False,0.8399909534044836,False,0.587753110341729,False,0.5856244388673987,False,0.7748508059188883,False,0.4135529345756529,False,0.6337169821512374,False,0.4335428743702978,False,0.5763957045953111,False,0.5482909199377277,True,0.35095664231324597,False,0.5185343374524046,False,0.40989238798160543,False,0.46335336949152484,False,0.5887282340818337,True,0.27735583017638943,False,0.4010962257823574,False,0.6297755828538707,False,0.5384300156430414,True,0.311909842515565,False,0.6351952971869079,True,0.13801433930160523,False,0.7499531992357245,False,0.6397414992730989,True,0.3311977340440503,False,0.5983903238962613,True,0.3440187820962959,False,0.676615299555827,False,0.6678456648382941,False,0.5102829358946471,True,0.3998960879429785,True,0.297550284532053,False,0.4402729941108804,True,0.3765971342501959,False,0.5027317266022331,True,0.37714943792208233,False,0.44151551451610005,False,0.4958722373277378,False,0.5267056755565473,False,0.7638895201993948,False,0.6828528857629763,False,0.5402385909787386,False,0.4914861056268276,False,0.4944337094470953,False,0.7266342425164507,True,0.37903612435587153,False,0.6337595146008205,False,0.5595922511717083,False,0.46915239910622486,False,0.4630563155855757,True,0.22000479509098692,False,0.6792108590001054,False,0.6870887270529717,False,0.7072085078981889,False,0.44330737730476555,True,0.2206039990739399,False,0.5171113941314157,False,0.4691131343168816,True,0.14591069275244384,False,0.4694951008445901,False,0.42283054174165446,True,0.3509971784782647,False,0.5295079595174256,False,0.6431605562853353,False,0.5103558611095198,False,0.5086668708642283,False,0.5988413020077654,True,0.2225586435269845,False,0.43596703907319734,False,0.7140409845855639,False,0.8154627269496104,False,0.6230674501924305,False,0.6147890012876351,False,0.4087591718800919
5,True,0.12431249983280634,False,0.5285625397967003,True,0.34115629285925864,False,0.591342772677105,False,0.5048733729578703,False,0.5923205910180203,True,0.37541454982626976,False,0.45319876902734335,True,0.31201806367467233,False,0.7021411664657174,True,0.27004810672318436,False,0.7561223447096087,False,0.4370410698822178,False,0.45671395526997083,True,0.3391341511725422,False,0.6421282371304191,False,0.5153619561629694,True,0.27402544479393864,False,0.5723262008655464,False,0.5209413911096268,True,0.24641345839692685,False,0.5344153489441881,True,0.38813991929750724,True,0.38468416360990654,False,0.5472665351340242,True,0.300721492829196,False,0.4088740774785634,False,0.6419132629116857,False,0.48373135611026363,False,0.46135491666595496,False,0.6630045850782647,True,0.34498814400369704,False,0.8151483845718072,False,0.44164008486624073,True,0.26847289517191675,False,0.6177568456880185,True,0.30828760900305363,False,0.6000508774005922,False,0.555119862353067,False,0.5139425248886581,False,0.5053109528677535,True,0.3140123382622628,False,0.7194427249005346,False,0.40022759568345967,False,0.4497955251911393,False,0.5581583088341064,False,0.5013011692882463,False,0.4643876322067051,False,0.45904769670227885,False,0.7521586596913272,False,0.679931135983308,False,0.5047545336410165,True,0.39714344962381676,False,0.4746550788289505,False,0.7466443269886618,True,0.36197004537667277,False,0.5215111468261092,False,0.8922471800832733,False,0.5624576253328285,False,0.45246298316214995,False,0.548536370013466,False,0.6568825722329532,False,0.613509060026646,False,0.7024186910307075,False,0.5623355025276477,True,0.12864943534623352,False,0.4893627175906339,True,0.37261049068546714,True,0.18881499626309617,False,0.4880973115563608,False,0.4164132621002934,True,0.33090073962854216,False,0.4916548062775645,False,0.4605359312187244,False,0.5377629210988456,False,0.47239409876593197,False,0.5756179998952828,False,0.642986623914375,True,0.2960137880027681,False,0.6171236630823207,False,0.7565698007049542,False,0.514734933190652,False,0.540578593363418,True,0.3777486486626209
6,True,0.11726599173235552,False,0.6008668883866202,True,0.3452243286986887,False,0.461772758750744,True,0.30713100981745256,False,0.610666253093606,True,0.28900581123288804,False,0.4195420266372014,False,0.6442738715820304,True,0.1928455494709317,True,0.20818986537255113,False,0.7354734863539347,True,0.34851195912429267,True,0.3649231536234958,True,0.29493147304248146,True,0.21598051318918687,False,0.44281961307253415,False,0.4419227034974046,True,0.30426702289038554,True,0.3113070016804145,True,0.2279968437444455,True,0.29134950902413004,True,0.370848785693893,True,0.3726001670707566,False,0.6286971781990496,True,0.3306354980489774,True,0.2566178906610298,False,0.4263346857808362,True,0.2778067356243077,True,0.06018891611262256,False,0.6580239855008314,False,0.6261888075516702,True,0.3001649021447601,False,0.432792373738105,True,0.30327005219288306,False,0.731458308198645,True,0.08908904713091936,False,0.456179056825475,False,0.5612047820661887,True,0.28348401146153746,False,0.6308652266508188,True,0.25877613713595393,True,0.2936628331562744,True,0.32058752278519176,True,0.27677583358224456,True,0.24362153783392737,False,0.45979146509278257,True,0.318409003282778,True,0.297163050266643,True,0.2960664367320298,False,0.6610990246992632,True,0.3500821523458163,True,0.3828857714212899,False,0.6575950708505336,True,0.26552437988820576,True,0.3179016804420822,True,0.29456498690214405,False,0.8652548867669179,False,0.5699922241112745,True,0.31916565892294835,False,0.5697943520994591,True,0.12374158455517348,False,0.6720204008417456,False,0.6313080981205121,False,0.421078024108303,True,0.19800153043075142,True,0.1569298801567216,True,0.25921919843032615,True,0.1716335287852777,True,0.33756167641700474,True,0.3494350574036773,False,0.49342193642896315,False,0.42487780676950127,False,0.41011669830217246,False,0.5937661012928918,True,0.36868032559573816,True,0.3235622875255769,True,0.1330067100905804,True,0.2878683440125559,False,0.4605377231508412,False,0.6706483273882593,False,0.405274051805421,False,0.6422113484949704,True,0.26411374037845836
7,False,0.7209638345331817,True,0.2527434557137167,True,0.29957308044258646,False,0.4492026226805833,True,0.2865054573162866,False,0.5325676488694645,True,0.20805580479640629,True,0.3573299995185524,True,0.16091228110781663,True,0.22369262027210868,True,0.19101548686595893,False,0.6892799170793321,False,0.5421880034246025,True,0.319656195432239,True,0.2468565736965036,True,0.15212450570172298,False,0.47125636419051053,False,0.4900188764854929,True,0.25745339396436184,True,0.26526204793588426,True,0.2401713746006493,True,0.24491784818130746,True,0.27534567217506456,True,0.3530019856713036,False,0.5966014163923465,True,0.307668709672978,True,0.21617245037722443,True,0.2921995527485233,True,0.17083238451590343,False,0.4915066292803876,False,0.62005741222756,False,0.5910624605117478,True,0.22506150586401952,True,0.23681709459697853,False,0.4077962548762256,False,0.7360628652217338,False,0.7602829682284674,False,0.5582350834607646,True,0.2606017828741817,True,0.24272397467150764,True,0.3036688719151447,True,0.23192116795998297,False,0.7451138636760861,True,0.3049234391586573,True,0.2906935522604125,False,0.5248402190662944,False,0.41627094675045584,True,0.3418909536630924,True,0.25829083015431364,True,0.243484128227473,False,0.6173342854698586,True,0.3219648555889829,False,0.6031924191551341,True,0.38150712090644323,True,0.21270389958849767,True,0.2843949123485282,True,0.28087168128213214,False,0.84649327647965,True,0.3226300915352517,True,0.27030986197046736,False,0.463632082382868,False,0.6215211605776096,True,0.3627131351092616,False,0.6094472372394211,False,0.7483395083189974,True,0.17208967304457623,True,0.11328594052367158,True,0.149208415815535,True,0.1595426761941311,False,0.5937111128873019,True,0.30270377999728526,False,0.5138420411512143,False,0.41815059879284666,True,0.20923052076579596,True,0.3365198602886409,False,0.5005220971997184,True,0.2990295245136064,False,0.5716443403697384,True,0.289625670332186,True,0.34003108053220465,False,0.7016041836953173,True,0.30237854807403586,True,0.2615222485144073,True,0.2601302985046615
8,False,0.7329814129432664,True,0.20410169724783533,True,0.24731053151601945,True,0.22514181293629387,True,0.16784119655436758,True,0.12126830116871645,True,0.19539285614669055,True,0.23111001786178298,True,0.28436792684533807,True,0.24767539046752507,True,0.1614259892880925,True,0.09819261125875589,True,0.22254487364977427,True,0.3516426189210978,True,0.18043419285379558,True,0.10538468177065419,True,0.2679334521800695,True,0.18934217642760032,True,0.23591317481382412,True,0.22528442436397922,True,0.20426886158184687,True,0.18947876298505695,False,0.5024980587986223,True,0.2529817915244803,True,0.21811885236732131,True,0.2760703736177602,True,0.1955286197918058,True,0.2364216846258922,True,0.10267400518522152,True,0.04424648908067186,False,0.4010919239280619,False,0.650250070523485,True,0.2084188316695691,True,0.2225123535207203,True,0.1759483384148084,False,0.573157511234391,True,0.2723620875430248,True,0.35684823866042226,True,0.22896867317579395,True,0.18874142109180858,True,0.380428170051744,True,0.20896314724931375,False,0.4978724980604312,True,0.28692813479304824,True,0.2698734372405408,False,0.5666647131934338,True,0.17832219166094443,True,0.38536294412312055,True,0.3200908524242515,True,0.15507896302050517,False,0.6637634551614663,True,0.3249281994915837,True,0.22399502212416833,True,0.26971649643257456,True,0.1571443524202366,True,0.2577830892561751,True,0.11482306177234558,False,0.7839511854479169,False,0.5112078296363559,True,0.27979476260769764,False,0.4942853219657777,True,0.06503218379691522,False,0.6298390510323324,False,0.5479028994098696,True,0.2747581956898133,True,0.11485827531357662,True,0.15351471300514796,True,0.21415402597638356,False,0.6461359471410849,True,0.21361835292133402,True,0.26142919384729646,True,0.1054045729361528,True,0.29576254779437394,True,0.18434910097348456,True,0.3889097720224236,True,0.2812166814319952,True,0.2990704147803315,False,0.5387080245423286,True,0.3323230748528474,True,0.3571722833205704,False,0.5924230433939321,False,0.5126208732352033,True,0.1966839286694928,True,0.21132510345802602
9,False,0.6797463590433153,True,0.15170455669942673,True,0.19561348155676905,True,0.1312607178716062,True,0.16947700856598313,False,0.7153115651843389,True,0.13501669913750014,True,0.1706961800227692,False,0.6799269745513746,True,0.18595054614132556,True,0.12291062372435102,False,0.5820603583093211,True,0.17523171839047702,True,0.17268902397967512,True,0.15072333559500184,True,0.08759994893729683,True,0.16621381766705734,True,0.14684228625186846,True,0.17121799100115231,True,0.20519984063159824,True,0.2180665755651927,True,0.3382313430425523,True,0.3800122194341503,True,0.23695006568046473,True,0.12267390011161772,True,0.25211469337739945,True,0.1825725943604749,True,0.2788295578782498,True,0.09472734890353152,True,0.04157573122718139,True,0.3425379869708769,False,0.5704306291135632,True,0.1655842032343786,True,0.19656947893661925,True,0.18121219527415278,True,0.29943958094036516,True,0.23377075484978282,True,0.268489811262113,True,0.2082562530056289,True,0.16564985995374282,True,0.3733266801278614,True,0.16780218170244487,False,0.708679650371369,True,0.21282589849473954,True,0.13238265056500387,True,0.17381220014513776,True,0.10724794315421671,True,0.24908071393689524,True,0.1014491584165631,True,0.15150138591136852,True,0.15037033987547088,True,0.28994323296538593,False,0.4009105716748643,True,0.18378766770496768,False,0.6040392877057468,True,0.22536220854126154,True,0.08363343337784734,False,0.6118518490338261,True,0.24789671538069735,True,0.2820534358394977,False,0.5077170215627318,False,0.587457017954956,False,0.58987552949311,False,0.550944241913216,True,0.20076219667299045,True,0.10911689464125807,True,0.09738989559566447,True,0.2302321799958229,False,0.5957647375392955,True,0.13210148282213285,True,0.21593819113447565,True,0.09987987303719548,True,0.27038363206032745,True,0.11767674743826939,True,0.3524075050720893,True,0.2966645640786044,True,0.147323501226859,False,0.5589324657239962,True,0.2171979218503589,True,0.23462807999934943,True,0.08633415972205416,False,0.4633442409879003,True,0.2158894596131129,True,0.18933413099092078
10,True,0.12827228789768352,True,0.15199256725655796,True,0.167756557131424,True,0.14721129505214914,True,0.12479134592000218,False,0.6347850763259149,True,0.12828471001429786,True,0.172537535649676,True,0.11371490983255905,True,0.14893880147354155,True,0.10283894260536475,True,0.06246289977475905,True,0.19323881160251755,True,0.1413721699182766,True,0.19348935399506784,True,0.0877652601178387,True,0.16288010054927948,True,0.12483677587306041,False,0.6483485229970412,True,0.11354886122440289,True,0.2022374992918451,True,0.14657850195788336,True,0.3228347686400762,True,0.2508988955516622,True,0.29155261535216714,True,0.2049983059086855,True,0.1486753099056043,True,0.192260604653943,True,0.07590642537870362,True,0.05509182365721177,False,0.4567015471705552,False,0.5575521726680072,True,0.12938735524932177,True,0.15465082512145356,True,0.21351907545425053,True,0.27273989547944166,False,0.47549640762596845,True,0.21396414364173333,True,0.37832693155870933,True,0.15563761112546493,True,0.36861562260878145,True,0.1571739746110603,True,0.13321554079617592,True,0.18002029544804798,True,0.10881305736992841,True,0.1108382332834873,True,0.09843710808218997,False,0.6099882118124706,True,0.13888745089573484,True,0.12436849608985412,True,0.12514756195634524,True,0.22573244473967946,False,0.41159743537142013,True,0.22120845265062605,True,0.13501251532249947,True,0.19219887733899943,True,0.09725555077210624,False,0.7461088739669592,True,0.20155012242539416,True,0.2900770257653691,True,0.18674308674771467,False,0.5685568686564588,False,0.5877440410779009,False,0.5942453654085174,True,0.22005553954800605,True,0.09630224563700862,True,0.112782565049662,True,0.19708676971529426,True,0.14268278811662638,True,0.12783118026365914,True,0.194279893928743,True,0.08050438101628421,True,0.27510279369019175,True,0.11077394337035906,True,0.21633964297025532,True,0.2854190918917684,True,0.16735034007130167,True,0.05476715289019729,True,0.18153740782847216,True,0.1479569360504034,True,0.1144469076064808,True,0.1557109741805952,True,0.19807614939442597,True,0.1789109828452482
11,True,0.15715388405920827,False,0.5176884277688985,True,0.14170412403027555,True,0.19339224882314554,True,0.112673922720393,False,0.7111365082307335,True,0.10020791496255765,False,0.671582673844844,False,0.7172970255077996,True,0.14729903524807741,True,0.0975453308607045,True,0.15719686229283236,True,0.17142737308822398,True,0.11787723269744665,True,0.1441204335515558,True,0.11025181180221255,True,0.19475114957620632,True,0.10686775215941058,True,0.1766064862834673,True,0.1395058544539003,False,0.6685372331880679,True,0.11398365444832159,True,0.12810596496073456,True,0.30160860876995976,True,0.08715619799393282,True,0.1782232936948881,True,0.10186111747839266,True,0.20664051308074893,True,0.09072505210175896,True,0.02281645867824167,False,0.43569994083508556,True,0.11298264646045664,True,0.09704038658717862,True,0.11070089315652631,True,0.18862352668417437,True,0.21759788592010465,False,0.5344320008327572,True,0.2045055381620604,True,0.2563467025426539,True,0.12985123665344112,False,0.552184058907681,True,0.15321233707201876,False,0.7516720967830264,True,0.1702190233957126,True,0.08302538217151945,False,0.5013957260609361,True,0.086933481780608,True,0.2111473913645917,True,0.15084517680569598,True,0.09292266750206091,False,0.6724681034925879,True,0.2519872309828082,True,0.1377147167485454,True,0.14452364473330082,True,0.08284224700760212,True,0.12889024605250188,True,0.08267040859708019,False,0.6479753593858932,False,0.50116256459911,True,0.2583448589828842,False,0.5541654571031063,False,0.5943775891097083,True,0.21470908708755565,False,0.6083328569575203,True,0.15744623273145575,True,0.0866187378081843,True,0.09773567249499082,True,0.21158027008016755,True,0.39616982077423535,False,0.61561849866997,True,0.1432236502174733,True,0.058411158874147495,True,0.3228968749087955,True,0.09866886470872693,False,0.44171801679611467,True,0.29208886283097,True,0.15247623569842383,True,0.052921496256462364,True,0.17866677482601745,False,0.47330115910611525,False,0.5064369648128939,True,0.11651158035130904,True,0.19383234352627166,True,0.1385345889206422
12,True,0.14824503652538712,True,0.11838579561998064,True,0.12742625303432376,True,0.14036485169487012,False,0.5013061632352953,True,0.3705272675766994,True,0.120445256831335,True,0.12965191739533777,False,0.5409794114771175,True,0.1149037656909202,True,0.07650970566820314,True,0.16344538330178204,True,0.15247224612564658,True,0.12240815282096029,True,0.13137251372301761,True,0.11138500685413466,True,0.21518627807864044,True,0.10891066663458293,True,0.14055581911119375,True,0.13959562648177593,True,0.17246304677689084,True,0.08228525002725862,True,0.1287836148103182,True,0.18621770544479832,True,0.21964145436487448,True,0.2012800881656509,True,0.09476656505743342,False,0.6211293676416051,True,0.07798244525222875,True,0.037889494596599294,False,0.6065164262884881,True,0.14853746227593434,True,0.09996655527390874,True,0.11755707523077608,True,0.1528505224174871,True,0.15440300972679122,False,0.5612782657622828,True,0.33151790427974137,True,0.20376522540837572,True,0.13035317031026827,False,0.535352614564321,True,0.1645995754046068,False,0.7433396126808467,True,0.16508023827786633,True,0.11859483317975172,True,0.0707283073921493,False,0.43528426735660963,True,0.21192041089280234,True,0.3719309507371551,True,0.11573369454223481,False,0.6491053194157006,True,0.24706348553552637,True,0.12037714781249431,True,0.14619327438183227,True,0.08772026774574637,True,0.12487018806067385,True,0.0862301672858321,True,0.09947115011960594,False,0.47783650934763033,True,0.2805644096534715,False,0.5256926089942617,False,0.5832761585175307,True,0.21505952390123972,False,0.5837930297405571,True,0.18663413093337056,True,0.06634908353855062,True,0.09574935567392473,True,0.16696720730496895,False,0.5467178270098745,False,0.5718496065528387,True,0.13359886271171706,True,0.06746215647392628,True,0.2934117342257756,True,0.08914095756896379,True,0.194832751038998,True,0.31314071347129446,True,0.17042928364590637,True,0.045180798448780646,True,0.18143648322779793,True,0.13304969139777567,False,0.5414978851215934,False,0.502050756594489,True,0.12523018188061086,True,0.1707937566270673
13,True,0.13630333269161876,False,0.47972003115345674,True,0.12358687881875541,True,0.12050130917588853,True,0.09587093169148664,True,0.38390238013914024,True,0.12860791038514519,True,0.11620896903335565,False,0.6849071543139651,True,0.11050001358601835,True,0.07110280957276427,False,0.5995982157561299,True,0.147577115151165,True,0.13801328330281937,True,0.1412103604857472,True,0.12210913793180689,True,0.18997716665098097,True,0.1177093376939482,True,0.14197867862450664,True,0.1748465692679706,True,0.18369371536736334,True,0.12120101484096168,False,0.6184244326883346,True,0.16751059683899538,True,0.16228775711808352,False,0.5926597283734564,True,0.10461110388518358,True,0.20655074379839933,True,0.07950792211701452,True,0.04145829333201978,False,0.5953995650289345,False,0.5372678270201439,True,0.08331014870392928,True,0.10620001066680784,True,0.14191525055110876,True,0.13403972958581833,False,0.5697288746640377,True,0.2065908187116542,True,0.167359274713463,True,0.12989268708648338,True,0.14866483905563865,True,0.15628454896740684,True,0.12175146134299497,True,0.17224259290517907,True,0.0969182262351782,True,0.1856016454446282,True,0.11112243585958992,True,0.20901355797310206,True,0.11987920394376073,False,0.671121401143081,False,0.6510526228026504,False,0.5476004654189472,True,0.12367269913975887,False,0.712910198750464,True,0.08723361541380481,True,0.13397679453610079,False,0.6936523758482918,False,0.7307154997217868,True,0.17547672720962548,True,0.28227307143637037,False,0.5343933432811601,False,0.5898219254407748,True,0.20338876081825086,False,0.6030529937578943,True,0.1810327691941206,True,0.07933230611341924,True,0.09334401670877424,True,0.1904319207376851,False,0.407215062985531,False,0.724309031861251,True,0.1249827939516086,True,0.056482441654881366,True,0.32882958705343734,True,0.07428071238662104,True,0.18502125947542647,True,0.3336398629122094,True,0.1647978541341899,True,0.2593985172092499,True,0.17442157558707772,True,0.38990620499419415,True,0.07348213467419662,False,0.44805686334256256,True,0.13584076289711633,True,0.14170858259192776
14,False,0.6841945142742101,False,0.4686596502838153,True,0.11852377748562182,True,0.1401621389879032,True,0.1033870629933814,True,0.06973777335951792,True,0.11888634788202124,True,0.12068235883744116,True,0.29683443984454005,True,0.08028771007911273,True,0.05809314202386806,False,0.5817931886798093,True,0.1334946969342824,True,0.1378934453454007,True,0.14558648188690837,True,0.10995621570621272,True,0.17450620887221757,True,0.10904885087146499,True,0.1319386024712621,True,0.11414154586166736,True,0.1607189949372947,True,0.11843841334254979,True,0.11338049369014269,True,0.15687534849070384,False,0.5176753990394292,True,0.16937221632116506,True,0.09868631608552669,True,0.19194300389718189,True,0.0685943147587097,True,0.04361905726427473,True,0.25923232432550736,False,0.5283765708246903,True,0.08133381704359621,True,0.0825504641719842,True,0.1626402215888454,False,0.5154237033613849,True,0.26645072014604243,True,0.1846982977005871,True,0.37134405620201283,True,0.11357086971766184,True,0.1395927551793379,True,0.17108093539160307,True,0.11465160642712569,True,0.15158294751968804,True,0.10945470395810042,False,0.549002059748116,True,0.29515895073935516,True,0.21512521324506373,True,0.3790538215624252,True,0.11765887315046852,False,0.6517284752004773,True,0.3593336079847155,True,0.1019472580444577,True,0.14333801625647835,True,0.07245442392261947,False,0.4862116496636475,True,0.08108938655620379,False,0.5064748179266492,False,0.4988777793797824,True,0.2649915090710533,False,0.5453165224186411,False,0.5997237993817128,True,0.2064618403919256,False,0.59084371620448,True,0.18662590170936144,True,0.07618261742137233,True,0.06662708242863191,True,0.21263759686025607,False,0.40948211392388467,True,0.14278894181220625,True,0.11971179353565709,True,0.06421090756310743,True,0.31925640099039543,True,0.09880858018312433,True,0.17464655460230982,True,0.18861081226113807,True,0.16341775359060795,True,0.07823253791028606,False,0.5111468587334478,False,0.42000888905786316,True,0.08399912307527235,True,0.11993612912288543,True,0.14736411880695888,True,0.14046188818631244
15,True,0.10863472359602311,False,0.4744880124820611,True,0.13487138370459595,True,0.12323341959617029,True,0.10397617419707328,True,0.3778261214291433,True,0.11243110005251133,False,0.6839641247065275,True,0.2795117464136986,True,0.0815936800652931,True,0.0733914898659137,False,0.6016478304896898,True,0.1419248736793699,True,0.1402387731594058,True,0.1394428255783936,True,0.11933022543364102,True,0.19710361286966704,True,0.08594885743579495,True,0.15856430104818475,True,0.1324686873129277,False,0.6703621420772232,True,0.10890666062109344,False,0.5824678812003796,True,0.141515914446398,True,0.08032546354146841,True,0.17134847691966448,True,0.10750601610267985,True,0.2120585739061437,False,0.5737741437518156,True,0.030680439722998387,True,0.08570830363375659,False,0.5387692559156613,True,0.11381048513211267,True,0.09423412160392597,True,0.14324055604274832,False,0.5164081185486622,True,0.030407116479952423,True,0.1556162650803684,True,0.17084701203290042,True,0.12570695959629008,True,0.15223276000128894,True,0.1682647890225608,True,0.1331592596888599,True,0.1530543102575478,True,0.10637809722252467,True,0.0574899570158689,True,0.11639209204904488,True,0.19696685307967587,False,0.4109393979874525,True,0.11862915912836036,True,0.1022679442930734,True,0.216416483207427,True,0.10505561874718194,False,0.7189319616676626,True,0.0905480367182464,True,0.12373331865874448,True,0.0837886557178189,True,0.10550669959805492,False,0.48300002411768606,True,0.26400899698993985,False,0.5620926205137092,False,0.5856489248543483,True,0.1854603420890213,False,0.6028212944325928,False,0.5635109788018214,True,0.08697995924290891,True,0.07447928432470452,True,0.185209315764998,True,0.2407919926211013,True,0.13411651638117106,True,0.12523038060263836,False,0.6021641923178962,True,0.3032274741718536,True,0.08841759543275385,True,0.17748489265991718,True,0.18045699588916242,True,0.1517268170271886,True,0.07071646771382445,True,0.27182132718230734,True,0.11049884460938231,True,0.06413577828482142,False,0.4775648191045456,True,0.1392418134561848,True,0.13761774195345033
16,True,0.11293058520586807,True,0.10474476537471022,True,0.12649738535029376,True,0.1139148462322267,True,0.10607003970950357,True,0.36146590664031386,False,0.8046582733750951,True,0.0976376230885938,False,0.533049268392711,True,0.09139318148137754,True,0.06335346161718869,False,0.5872902344207651,True,0.1445057441474359,True,0.14899120015246903,True,0.1369070699020184,True,0.1157124656448626,True,0.18689246588481434,True,0.09495270429236224,True,0.15440476946913262,True,0.1610682569504901,True,0.16378971354485472,True,0.11799675194103709,True,0.32928916560520605,True,0.1448915220118815,True,0.07082928284673984,True,0.17389258433083843,True,0.10377399491397987,True,0.19358144667231714,True,0.07070290799382462,True,0.02913743843818961,False,0.4874613375435861,False,0.527079302548379,True,0.11810992537131959,True,0.09097499470959147,True,0.1511074537521322,True,0.16220097593838967,True,0.26450257500126395,True,0.15203220491925906,True,0.15599648205108352,True,0.1389742058021507,False,0.42019744177047713,True,0.13961123021957234,True,0.13219716660872383,True,0.15203217374395017,True,0.11925670364847463,True,0.060151499907424855,True,0.3791710626888205,True,0.2168178232315947,True,0.39221375823637206,True,0.11896907222139597,True,0.10194620335923055,False,0.5491774287535744,True,0.11394053227718903,True,0.13934900316714183,True,0.08973151134027502,True,0.12993016570140048,True,0.08751016001930234,True,0.09759655109061427,False,0.4773055608919744,True,0.2591280824097839,False,0.5375889042682869,True,0.07368287928132433,True,0.16443954045291798,False,0.6111415132265615,False,0.55899102654905,True,0.06448582090536181,True,0.06343396216963848,True,0.18254183696042325,True,0.24870416914256877,False,0.6108658540470866,True,0.12458989892745354,True,0.05298473879321619,True,0.11577035148229597,True,0.09783642718647145,True,0.36482062191657993,True,0.21373833059650071,True,0.17565633521092006,True,0.07999555164741301,True,0.1806818818357474,True,0.09820631142779968,True,0.06326582368238587,False,0.48853789153100435,True,0.13451847079926993,True,0.13066742787078267
17,True,0.11946858591726073,False,0.5008427596216705,True,0.12654972696017752,True,0.11064373174200903,True,0.11323556864009166,True,0.24743443649710883,True,0.09929247673864827,True,0.09964132166467654,True,0.09605458337474337,True,0.12084388402944124,True,0.06770529834699257,True,0.09230800969626274,True,0.11310160936583291,True,0.12902138951168318,True,0.14681167722378352,True,0.1026770059225206,True,0.1870536489380329,True,0.0759410788695506,True,0.15600079872123462,True,0.11279689394652614,True,0.2008418514049114,True,0.10692794887256007,False,0.46278876382509093,True,0.3174179846798698,False,0.4837157645625437,True,0.18165976385247862,True,0.10967718533581228,True,0.1900408904992199,True,0.07798454502373964,False,0.424823097769897,False,0.47010113532367015,False,0.49143827808852525,True,0.1065716652243952,True,0.08434408739650079,True,0.13004966082697822,False,0.5404196596092168,False,0.5549492233210762,True,0.16318172193378921,True,0.15493846919431709,True,0.13294468554185457,False,0.4175543695398952,True,0.1308528517578088,True,0.12132542479430264,True,0.1521627268196516,True,0.12150092549467739,True,0.068266564456539,False,0.401498982556758,True,0.22488018781119345,False,0.40714159123144233,True,0.10930682684592696,True,0.08267693620837668,False,0.5511650633277251,True,0.09447689979977503,False,0.5394813095106763,True,0.08449251958458104,True,0.21041029186326776,True,0.08737375030157413,True,0.10164313620347853,True,0.17572234356250194,True,0.2606780031972482,False,0.5370888053338945,False,0.598884466301896,True,0.13014284055631464,False,0.6155369844097068,True,0.17490880041840173,True,0.06883420261064488,True,0.06608202521511974,True,0.17836671842701668,True,0.03371285648471967,True,0.13982751548437067,True,0.11036313405004705,True,0.10490183812013265,True,0.3137751853136057,True,0.10749030218104905,True,0.20775986623939136,True,0.1962162238103229,True,0.16354317398983642,True,0.07796565564786051,True,0.19134976891283917,True,0.3652312166224173,True,0.15688486449349515,False,0.42224139882942247,True,0.13061503959023035,True,0.1435892720134343
